nucleus_id,Cell_ID,Total_Intensity,Nuclear_Volume,true_ploidy
1,1,5792.8,101.339,8
2,1,5688.38,113.492,8
3,1,8655.21,100.506,8
4,1,6081.41,124.744,8
5,2,1691.07,32.628,2
6,2,3131.16,36.858,4
7,2,2440.65,53.177,4
8,3,1080.7,24.871,2
9,3,1735.03,19.997,2
10,3,1745.52,22.577,2
11,3,4115.4,46.885,4
12,4,1530.48,27.32,2
13,4,1734.14,28.396,2
14,4,1363.59,28.473,2
15,5,1736.92,24.315,2
16,5,2436.84,33.112,2
17,6,1643.2,32.539,2
18,6,1916.95,38.424,2
19,6,1763.31,25.287,2
20,6,1372.91,24.65,2
21,7,1339.63,23.509,2
22,7,1909.94,18.063,2
23,8,7698.42,104.221,8
24,8,3250.28,78.298,4
25,8,6438.27,121.034,8
26,9,3392.96,50.793,4
27,9,4194.1,64.653,4
28,9,3385.26,64.871,4
29,10,7552.9,84.31,8
30,10,1254.52,17.893,2
31,10,5783.08,116.116,8
32,10,5854.51,97.635,8
33,11,3276.28,65.359,4
34,11,3733.55,44.609,4
35,12,1406.1,29.647,2
36,12,1456.73,34.676,2
37,12,1760.02,28.556,2
38,12,1528.43,27.279,2
39,13,1979.84,19.069,2
40,13,2920.01,66.469,4
41,14,2128.62,38.451,2
42,14,1679.98,26.363,2
43,14,1651.78,22.594,2
44,14,2071.71,24.848,2
45,15,2701.44,73.84,4
46,15,3306.99,69.259,4
47,15,3408.16,48.066,4
48,15,3205.83,49.506,4
49,16,3177.92,52.424,4
50,16,2652.84,46.892,4
51,16,4579.12,48.312,4
52,16,2812.4,60.314,4
53,17,3034.38,38.013,4
54,17,3880.88,55.712,4
55,17,3444.0,47.458,4
56,17,3690.04,49.735,4
57,18,5463.14,150.252,8
58,18,6206.79,119.423,8
59,18,6758.77,101.641,8
60,19,1706.81,36.272,2
61,19,1821.2,24.735,2
62,19,2016.86,34.634,2
63,19,1874.17,33.252,2
64,20,3132.29,78.151,4
65,20,2716.62,67.689,4
66,20,3716.13,67.867,4
67,20,4768.33,77.628,4
68,21,1696.21,33.681,2
69,21,1162.8,29.644,2
70,22,1711.83,23.171,2
71,22,1294.6,26.992,2
72,23,1681.32,30.62,2
73,23,1422.7,24.226,2
74,24,7043.44,94.278,8
75,24,7250.09,120.692,8
76,24,9790.88,82.441,8
77,25,3129.71,65.947,4
78,25,3449.97,52.531,4
79,25,6773.77,69.021,8
80,26,1502.58,24.918,2
81,26,1714.48,21.634,2
82,26,4167.37,57.976,4
83,26,1683.72,28.238,2
84,27,7455.28,96.348,8
85,27,2704.69,54.33,4
86,27,5357.44,163.585,8
87,28,7813.34,121.73,8
88,28,4248.14,118.343,8
89,29,6585.27,145.457,8
90,29,13586.41,313.569,16
91,30,4903.29,158.175,8
92,30,8088.98,137.031,8
93,30,7670.06,114.747,8
94,31,1716.7,39.049,2
95,31,1878.84,27.642,2
96,32,7449.35,113.677,8
97,32,2784.72,55.182,4
98,32,6336.12,106.538,8
99,33,6517.89,92.808,8
100,33,7973.69,94.535,8
101,33,7544.29,156.628,8
102,33,6426.79,98.116,8
103,34,2843.18,61.976,4
104,34,4886.95,52.909,4
105,35,2785.78,74.208,4
106,35,4130.59,78.313,4
107,36,9663.23,107.256,8
108,36,6111.56,83.162,8
109,37,2914.82,50.121,4
110,37,3276.64,58.705,4
111,37,1610.99,27.754,2
112,37,1674.5,31.28,2
113,38,2509.98,60.99,4
114,38,10553.35,270.336,16
115,38,3309.46,38.442,4
116,39,1767.69,23.588,2
117,39,1682.92,26.932,2
118,39,3471.96,43.473,4
119,40,8266.22,100.908,8
120,40,7459.86,108.793,8
121,40,6340.37,103.948,8
122,40,5381.54,81.52,8
123,41,2035.9,19.123,2
124,41,1476.22,29.101,2
125,41,1824.32,25.771,2
126,41,2045.99,29.326,2
127,42,15721.9,248.065,16
128,42,9662.37,301.311,16
129,42,15145.67,301.021,16
130,42,12692.4,209.891,16
131,43,12104.26,232.221,16
132,43,12694.31,278.125,16
133,44,1806.39,22.254,2
134,44,1553.24,25.31,2
135,45,2826.21,42.168,4
136,45,7971.24,80.001,8
137,46,5703.25,135.132,8
138,46,6194.44,155.73,8
139,46,5909.44,121.94,8
140,47,3306.46,63.947,4
141,47,3371.18,44.101,4
142,47,3338.1,56.644,4
143,48,1688.01,19.171,2
144,48,1911.52,22.071,2
145,48,1228.12,27.638,2
146,49,2974.23,43.679,4
147,49,3640.32,46.887,4
148,49,2985.9,63.668,4
149,49,2967.69,61.594,4
150,50,9773.64,337.347,16
151,50,14210.45,222.475,16
152,50,13722.18,340.854,16
153,50,10275.13,179.292,16
154,51,2859.76,41.242,4
155,51,3189.65,76.051,4
156,52,2801.46,70.403,4
157,52,2800.36,52.592,4
158,53,7882.36,102.528,8
159,53,5814.13,73.837,8
160,53,6334.84,111.241,8
161,54,3359.68,55.526,4
162,54,2378.9,27.169,2
163,55,1682.15,22.257,2
164,55,1668.5,29.583,2
165,55,2982.82,45.459,4
166,55,3080.21,58.957,4
167,56,5339.9,97.795,8
168,56,2340.18,57.139,4
169,57,1425.97,26.387,2
170,57,1728.29,21.484,2
171,57,1744.39,27.141,2
172,58,7387.61,118.151,8
173,58,14571.48,193.997,16
174,59,5177.62,126.07,8
175,59,2038.82,29.478,2
176,60,1077.64,30.423,2
177,60,2692.35,48.699,4
178,60,3180.45,59.44,4
179,60,2264.95,27.371,2
180,61,7341.09,122.188,8
181,61,6936.28,139.401,8
182,62,1888.48,35.439,2
183,62,3215.82,60.645,4
184,63,6732.84,119.863,8
185,63,5009.52,103.355,8
186,63,6104.02,92.608,8
187,63,4531.35,104.045,8
188,64,13563.63,264.58,16
189,64,6649.26,126.217,8
190,64,18470.99,287.538,16
191,64,14359.7,266.34,16
192,65,4836.13,54.072,4
193,65,3370.51,58.499,4
194,65,4329.93,55.628,4
195,65,4429.38,45.272,4
196,66,8207.67,80.352,8
197,66,7225.06,96.891,8
198,67,3121.13,70.226,4
199,67,4141.81,45.823,4
200,68,7679.11,118.595,8
201,68,3444.89,51.835,4
202,68,1766.7,34.25,2
203,68,6283.15,146.199,8
204,69,8961.57,108.976,8
205,69,3472.29,61.848,4
206,69,5056.13,81.648,8
207,70,1766.3,32.086,2
208,70,1859.67,23.021,2
209,70,1413.73,35.916,2
210,70,2976.36,51.823,4
211,71,1410.48,25.765,2
212,71,2681.68,34.552,2
213,71,1666.24,32.748,2
214,71,2461.98,26.597,2
215,72,1918.36,25.038,2
216,72,2312.56,31.713,2
217,72,1180.24,32.217,2
218,73,1254.0,30.36,2
219,73,1601.9,24.513,2
220,74,4232.64,59.21,4
221,74,4152.98,86.567,4
222,74,3413.86,37.668,4
223,74,2894.68,42.941,4
224,75,1808.1,20.084,2
225,75,1793.47,27.334,2
226,75,1606.69,27.554,2
227,75,1542.6,24.47,2
228,76,2428.12,37.45,2
229,76,1505.1,38.46,2
230,76,3358.11,52.525,4
231,76,3143.81,54.977,4
232,77,1678.84,26.568,2
233,77,1870.97,32.72,2
234,77,1391.18,26.753,2
235,78,6950.92,157.651,8
236,78,6019.01,114.058,8
237,78,6192.33,155.457,8
238,78,4785.49,96.647,8
239,79,2185.32,19.805,2
240,79,1945.88,26.25,2
241,80,2881.04,35.461,4
242,80,3180.81,40.279,4
243,80,3025.18,60.77,4
244,80,3596.41,79.398,4
245,81,2881.43,42.838,4
246,81,3677.16,48.589,4
247,81,2381.78,65.279,4
248,82,3465.32,64.349,4
249,82,3423.35,73.502,4
250,83,3300.72,52.895,4
251,83,10649.41,320.907,16
252,83,5467.85,76.903,8
253,84,2987.64,57.146,4
254,84,3029.4,63.226,4
255,84,2984.28,55.528,4
256,84,4055.06,98.605,4
257,85,1957.77,21.75,2
258,85,1558.06,27.818,2
259,85,1425.42,22.682,2
260,85,1560.52,17.639,2
261,86,13967.75,215.03,16
262,86,9882.4,202.272,16
263,86,15702.01,253.138,16
264,87,1531.77,21.649,2
265,87,1471.43,38.507,2
266,87,1768.73,36.134,2
267,87,1559.47,34.419,2
268,88,3903.46,50.154,4
269,88,7211.25,146.174,8
270,89,1733.85,37.408,2
271,89,1967.87,21.976,2
272,89,2479.23,33.19,2
273,90,4690.13,45.667,4
274,90,3332.68,61.967,4
275,91,6468.19,115.008,8
276,91,6640.23,87.125,8
277,91,6774.21,135.839,8
278,91,5713.66,106.214,8
279,92,1404.67,35.939,2
280,92,2446.44,26.682,2
281,92,3474.86,57.272,4
282,92,2681.36,70.634,4
283,93,6024.54,119.041,8
284,93,7763.22,112.885,8
285,93,7424.38,99.856,8
286,93,4631.23,136.524,8
287,94,1721.06,35.17,2
288,94,1565.73,23.969,2
289,94,1643.27,36.372,2
290,95,5577.77,147.778,8
291,95,6682.43,84.137,8
292,95,6374.79,137.46,8
293,95,8427.46,101.956,8
294,96,1513.76,30.275,2
295,96,1690.27,24.885,2
296,96,1555.88,28.416,2
297,97,2077.22,29.349,2
298,97,1993.61,36.474,2
299,97,1890.08,46.146,2
300,97,1465.32,33.45,2
301,98,2308.75,18.216,2
302,98,1427.94,32.406,2
303,98,1959.73,32.926,2
304,99,4090.59,34.065,4
305,99,5645.13,138.298,8
306,99,5794.68,121.602,8
307,100,13534.78,249.872,16
308,100,6628.72,141.038,8
309,100,6686.77,127.063,8
310,101,1725.52,22.968,2
311,101,1581.79,30.999,2
312,101,1813.42,30.519,2
313,101,2445.84,30.381,2
314,102,1508.96,25.742,2
315,102,1838.82,28.379,2
316,102,1715.2,26.291,2
317,102,1227.65,26.645,2
318,103,3268.4,59.462,4
319,103,1240.95,22.146,2
320,104,1405.57,32.314,2
321,104,3588.08,52.196,4
322,104,3766.53,82.411,4
323,104,3476.97,45.205,4
324,105,6746.71,164.266,8
325,105,4758.81,104.925,8
326,105,7969.24,103.684,8
327,105,5896.34,105.637,8
328,106,10550.84,144.085,8
329,106,5569.48,92.422,8
330,106,6322.23,139.696,8
331,107,3972.57,51.579,4
332,107,2780.35,39.822,4
333,107,2998.04,34.283,4
334,107,3891.3,48.752,4
335,108,1381.85,33.901,2
336,108,2972.58,45.405,4
337,108,1274.27,38.697,2
338,108,1392.92,26.388,2
339,109,16688.32,139.908,16
340,109,11958.53,230.626,16
341,110,3921.37,60.47,4
342,110,2454.22,46.536,2
343,111,10985.37,235.163,16
344,111,12337.64,213.768,16
345,112,6280.91,85.972,8
346,112,5789.12,107.634,8
347,112,3631.49,62.577,4
348,113,3216.75,66.179,4
349,113,2797.18,75.212,4
350,114,6226.89,96.502,8
351,114,6998.95,95.638,8
352,114,8352.04,94.305,8
353,115,3375.69,70.694,4
354,115,3820.47,41.724,4
355,115,2964.09,82.818,4
356,116,4111.82,96.058,4
357,116,1743.2,30.272,2
358,116,3044.97,44.364,4
359,117,5181.85,46.438,4
360,117,1650.46,30.828,2
361,117,3112.69,46.743,4
362,117,1438.95,31.507,2
363,118,3179.35,56.389,4
364,118,3722.66,49.146,4
365,118,3250.13,37.536,4
366,118,2763.58,79.938,4
367,119,1589.22,23.439,2
368,119,1681.41,27.969,2
369,120,3310.98,46.397,4
370,120,3080.78,58.867,4
371,120,3815.63,68.214,4
372,120,3109.37,68.623,4
373,121,1656.0,26.948,2
374,121,1972.18,20.73,2
375,121,1765.31,24.915,2
376,121,1590.81,19.088,2
377,122,4063.24,55.019,4
378,122,2927.81,61.183,4
379,122,3204.88,63.985,4
380,123,1298.36,23.169,2
381,123,1307.56,21.517,2
382,123,2150.23,29.432,2
383,124,2132.93,25.869,2
384,124,1505.24,25.997,2
385,124,1789.36,32.233,2
386,125,3829.85,39.987,4
387,125,3597.65,51.473,4
388,126,2878.13,76.946,4
389,126,3833.03,58.767,4
390,126,4017.19,70.747,4
391,126,3615.25,32.612,4
392,127,2106.91,25.167,2
393,127,4897.97,50.706,4
394,128,3670.76,47.954,4
395,128,3919.86,50.307,4
396,128,2879.58,58.244,4
397,129,3343.26,104.243,4
398,129,2992.88,75.934,4
399,130,1935.81,34.086,2
400,130,2135.48,30.099,2
401,130,1525.86,24.876,2
402,130,1863.33,31.817,2
403,131,4467.34,58.068,4
404,131,2602.25,43.203,4
405,131,2624.71,79.48,4
406,132,4629.85,69.828,4
407,132,6559.52,114.118,8
408,133,2502.75,59.277,4
409,133,7032.83,134.729,8
410,133,3907.56,39.472,4
411,134,3803.07,58.293,4
412,134,2134.8,47.419,4
413,135,1780.71,20.52,2
414,135,2199.51,41.669,2
415,136,1270.23,34.006,2
416,136,2764.99,32.785,2
417,136,2134.21,31.547,2
418,137,14300.05,272.023,16
419,137,14580.72,189.449,16
420,137,13751.34,191.599,16
421,138,6225.78,74.51,8
422,138,5335.48,78.161,8
423,138,7026.79,122.518,8
424,138,9759.18,80.563,8
425,139,2312.38,25.991,2
426,139,2682.44,60.292,4
427,140,2847.39,62.991,4
428,140,3772.29,48.611,4
429,140,3802.94,63.508,4
430,140,2466.55,52.284,4
431,141,12924.53,264.306,16
432,141,18075.24,138.334,16
433,141,21768.58,174.806,16
434,142,13971.24,173.492,16
435,142,5978.57,64.297,8
436,142,7724.38,167.081,8
437,142,17711.61,317.798,16
438,143,2287.08,38.51,4
439,143,5688.64,108.02,8
440,143,9625.86,149.005,8
441,144,3199.95,68.416,4
442,144,3233.48,41.878,4
443,145,14164.35,183.871,16
444,145,11057.97,170.675,16
445,145,17671.01,376.675,16
446,146,3859.96,52.029,4
447,146,3927.59,59.702,4
448,147,4988.32,101.625,8
449,147,13250.39,181.448,16
450,147,14756.05,163.894,16
451,147,11476.18,263.98,16
452,148,12770.97,309.187,16
453,148,10355.63,311.533,16
454,149,2258.44,22.313,2
455,149,1752.51,26.709,2
456,149,1731.57,20.204,2
457,150,1769.53,36.453,2
458,150,1724.58,46.948,2
459,151,2713.42,75.01,4
460,151,2869.31,62.935,4
461,151,3362.41,44.503,4
462,152,3893.95,64.642,4
463,152,2887.81,59.589,4
464,152,4091.31,100.436,4
465,152,1689.41,26.96,2
466,153,2888.03,44.907,4
467,153,3166.46,50.977,4
468,153,3887.04,51.294,4
469,154,4571.31,62.608,4
470,154,4691.59,66.731,4
471,154,4445.58,53.021,4
472,154,3868.49,101.551,4
473,155,1951.05,37.104,2
474,155,3665.3,46.062,4
475,155,3034.64,54.227,4
476,156,1309.26,43.733,2
477,156,2103.63,32.976,2
478,157,9976.96,264.724,16
479,157,9672.41,280.332,16
480,157,6661.39,152.634,8
481,157,7007.63,155.855,8
482,158,1565.82,39.719,2
483,158,3995.72,42.194,4
484,159,1395.44,25.323,2
485,159,1382.49,22.03,2
486,160,3609.77,45.869,4
487,160,8537.48,138.566,8
488,160,13723.31,218.37,16
489,160,4860.95,56.091,4
490,161,3828.59,54.29,4
491,161,3004.37,56.304,4
492,161,2494.41,41.716,4
493,162,1822.15,36.884,2
494,162,1917.17,28.131,2
495,163,7786.63,122.824,8
496,163,5803.87,113.864,8
497,163,6595.52,71.791,8
498,164,5015.46,103.366,8
499,164,1732.37,21.658,2
500,164,1357.56,26.618,2
501,164,2991.15,49.892,4
502,165,3542.03,70.995,4
503,165,2261.76,46.437,4
504,165,2822.13,43.824,4
505,165,2903.09,46.331,4
506,166,1738.87,30.653,2
507,166,1485.84,28.837,2
508,166,2299.25,30.109,2
509,167,1435.91,29.76,2
510,167,1992.66,23.286,2
511,167,1635.78,35.96,2
512,167,1551.31,29.209,2
513,168,20121.87,204.722,16
514,168,12288.88,215.986,16
515,168,14071.87,352.258,16
516,169,5243.95,108.913,8
517,169,6509.03,69.746,8
518,170,1623.68,26.63,2
519,170,2704.7,45.628,4
520,170,1745.14,25.773,2
521,171,2810.4,78.295,4
522,171,6267.57,133.057,8
523,172,2695.58,51.173,4
524,172,3206.57,50.0,4
525,172,3461.39,35.009,4
526,172,3717.08,40.981,4
527,173,1418.41,27.927,2
528,173,7526.91,89.991,8
529,173,2880.8,61.825,4
530,174,1557.94,23.567,2
531,174,1807.11,35.141,2
532,175,16969.28,294.589,16
533,175,13358.64,307.437,16
534,176,2880.35,52.553,4
535,176,3910.79,41.954,4
536,177,6674.8,129.168,8
537,177,1727.86,16.594,2
538,178,1988.68,18.668,2
539,178,1925.6,26.578,2
540,179,10181.41,93.308,8
541,179,5988.48,105.388,8
542,179,5656.82,145.532,8
543,179,9275.95,95.928,8
544,180,2075.37,33.548,2
545,180,2093.42,23.135,2
546,181,2028.36,24.152,2
547,181,2562.42,28.461,2
548,181,1514.9,33.373,2
549,182,1365.53,30.381,2
550,182,2177.63,25.121,2
551,183,1587.68,23.711,2
552,183,3467.79,72.129,4
553,184,3658.43,68.216,4
554,184,3690.76,70.243,4
555,184,3079.76,45.43,4
556,184,4019.62,44.298,4
557,185,6435.51,82.347,8
558,185,5356.59,86.838,8
559,186,1124.14,33.039,2
560,186,1374.2,22.145,2
561,187,2369.44,23.17,2
562,187,1777.39,29.259,2
563,188,5949.95,143.361,8
564,188,12741.6,339.936,16
565,188,13871.36,366.829,16
566,188,5870.96,131.646,8
567,189,12267.3,195.099,16
568,189,14039.02,224.699,16
569,189,11405.39,253.82,16
570,189,9417.15,203.653,16
571,190,5451.43,127.482,8
572,190,3024.47,41.457,4
573,191,2058.1,35.142,2
574,191,1611.71,22.054,2
575,192,3406.77,72.849,4
576,192,3867.98,62.56,4
577,192,7091.3,117.707,8
578,193,1667.8,34.778,2
579,193,1672.61,26.521,2
580,194,1350.84,23.929,2
581,194,1605.65,44.986,2
582,194,1764.46,34.393,2
583,194,1419.55,30.259,2
584,195,7580.28,119.709,8
585,195,5657.68,111.522,8
586,195,6485.03,67.149,8
587,195,7573.71,126.135,8
588,196,2218.89,29.687,2
589,196,2041.4,38.186,2
590,196,1547.85,33.478,2
591,196,1627.79,27.617,2
592,197,1738.32,27.069,2
593,197,1617.45,30.183,2
594,198,3368.15,49.445,4
595,198,3328.26,48.959,4
596,198,4876.79,75.019,4
597,198,3686.83,55.343,4
598,199,3592.49,76.372,4
599,199,2480.62,23.061,2
600,200,2357.75,26.036,2
601,200,1682.29,34.313,2
602,200,2131.0,21.924,2
603,200,1597.31,20.601,2
604,201,3005.89,51.442,4
605,201,2972.56,62.911,4
606,201,4466.68,36.62,4
607,202,3715.09,45.42,4
608,202,3311.55,44.551,4
609,202,3854.27,57.237,4
610,202,3302.6,60.752,4
611,203,3581.08,54.134,4
612,203,4059.51,73.216,4
613,203,2793.13,47.159,4
614,204,1488.42,21.595,2
615,204,1515.68,25.094,2
616,205,2004.77,24.093,2
617,205,3807.65,66.971,4
618,205,6854.21,93.402,8
619,206,2787.63,56.05,4
620,206,3865.98,62.229,4
621,206,4725.75,75.737,4
622,206,3085.46,54.912,4
623,207,2765.59,28.608,2
624,207,1166.31,24.151,2
625,207,1734.73,21.24,2
626,208,1807.88,27.0,2
627,208,1448.55,33.298,2
628,208,1542.64,25.087,2
629,209,3356.72,65.579,4
630,209,3549.96,43.801,4
631,210,7094.45,76.125,8
632,210,5633.04,138.847,8
633,211,1643.02,28.007,2
634,211,5164.13,137.751,8
635,211,1382.45,20.781,2
636,212,1109.47,33.451,2
637,212,1748.28,25.213,2
638,213,2819.51,47.36,4
639,213,1538.6,25.355,2
640,213,3968.99,66.818,4
641,213,7419.26,154.308,8
642,214,6494.89,82.699,8
643,214,14930.25,308.253,16
644,214,13612.99,206.98,16
645,215,1244.65,28.689,2
646,215,1706.42,24.228,2
647,216,2380.87,20.842,2
648,216,2250.19,31.952,2
649,216,1592.18,21.707,2
650,216,2050.9,40.965,2
651,217,2436.64,24.699,2
652,217,5429.0,177.611,8
653,218,3323.9,54.308,4
654,218,4799.82,51.978,4
655,218,3392.27,63.81,4
656,219,1866.16,26.233,2
657,219,1723.9,28.177,2
658,220,2883.17,73.139,4
659,220,2649.48,72.458,4
660,220,4037.28,54.865,4
